CustomerID,Age,Gender,Country,Income,ProductQuality,ServiceQuality,PurchaseFrequency,FeedbackScore,LoyaltyLevel,SatisfactionScore
1,56,Male,UK,83094,5,8,5,Low,Bronze,100.0
2,69,Male,UK,86860,10,2,8,Medium,Gold,100.0
3,46,Female,USA,60173,8,10,18,Medium,Silver,100.0
4,32,Female,UK,73884,7,10,16,Low,Gold,100.0
5,60,Male,UK,97546,6,4,13,Low,Bronze,82.0
6,25,Male,France,49364,5,7,19,High,Silver,80.71
7,38,Female,Germany,39716,10,6,11,High,Silver,100.0
8,56,Female,Germany,45305,10,10,10,Medium,Gold,100.0
9,36,Male,France,98001,10,2,12,High,Bronze,100.0
10,40,Female,UK,85307,6,4,20,High,Gold,86.48
11,28,Female,Canada,46732,9,3,3,High,Gold,94.6
12,28,Female,France,38742,8,6,13,Medium,Silver,81.85
13,41,Male,Germany,30028,8,6,20,Medium,Bronze,95.99
14,53,Female,USA,58353,6,8,17,Medium,Bronze,100.0
15,57,Female,Germany,75657,1,8,15,Medium,Silver,100.0
16,41,Female,Canada,59164,1,5,10,Medium,Silver,52.34
17,20,Female,Germany,73887,5,4,7,Medium,Silver,73.48
18,39,Female,France,63522,8,3,8,High,Gold,86.31
19,19,Male,USA,88593,5,9,8,High,Bronze,100.0
20,41,Female,Germany,37901,7,5,17,Low,Gold,85.16
21,61,Female,France,41595,2,4,11,High,Gold,69.85
22,47,Female,France,95043,7,2,5,High,Bronze,92.23
23,55,Female,France,42216,5,6,2,Medium,Gold,90.59
24,19,Male,USA,59536,10,5,7,High,Silver,99.65
25,38,Male,France,48184,3,2,2,Low,Gold,49.73
26,50,Male,USA,116529,1,5,18,Medium,Silver,70.82
27,29,Female,Canada,92619,9,8,15,Low,Gold,100.0
28,39,Female,Canada,102225,10,4,14,Low,Gold,100.0
29,61,Male,Canada,108541,7,1,1,Medium,Silver,75.74
30,42,Male,France,48768,8,8,16,High,Gold,100.0
31,66,Male,USA,95975,10,7,7,Medium,Bronze,100.0
32,44,Male,Canada,41604,10,9,11,Medium,Bronze,100.0
33,59,Male,UK,100739,4,8,18,Medium,Bronze,100.0
34,45,Male,Canada,119278,3,7,10,High,Gold,100.0
35,33,Female,France,112220,5,7,17,Low,Silver,100.0
36,32,Female,UK,113282,1,10,4,High,Bronze,100.0
37,64,Male,Germany,65286,6,1,7,Low,Silver,88.16
38,68,Female,UK,40530,1,6,17,High,Bronze,63.97
39,61,Female,Germany,34580,8,9,9,High,Bronze,100.0
40,69,Male,UK,75929,5,7,3,Low,Bronze,91.94
41,20,Male,USA,112595,10,5,13,Medium,Gold,100.0
42,54,Female,UK,37897,7,1,20,Low,Bronze,72.89
43,68,Female,Canada,87990,4,10,20,High,Bronze,100.0
44,24,Female,Germany,91060,5,6,5,Low,Silver,96.58
45,38,Male,Germany,110598,2,4,2,Medium,Silver,63.49
46,26,Female,Canada,40211,7,3,18,High,Silver,79.86
47,56,Male,USA,36990,9,5,7,Medium,Silver,98.21
48,35,Male,UK,55680,7,1,3,Low,Silver,46.66
49,21,Female,USA,54175,4,7,5,Low,Bronze,86.36
50,42,Male,Canada,111018,8,3,20,Medium,Gold,100.0
51,31,Male,UK,43211,6,6,11,High,Bronze,81.61
52,67,Male,Canada,114860,6,7,12,High,Bronze,100.0
53,26,Female,Germany,57358,3,4,19,High,Silver,63.75
54,43,Female,Germany,54191,2,7,18,Low,Gold,94.73
55,19,Female,Germany,99965,3,10,4,High,Gold,100.0
56,37,Male,France,114041,7,8,11,High,Silver,100.0
57,45,Female,France,70385,3,10,16,Low,Bronze,100.0
58,64,Male,Germany,55312,7,9,7,Low,Bronze,99.01
59,24,Female,France,99717,3,9,1,High,Silver,91.14
60,61,Male,France,116849,4,7,16,Medium,Silver,100.0
61,25,Female,Canada,39919,5,1,15,Low,Gold,59.41
62,64,Female,UK,108598,2,5,3,Medium,Gold,90.05
63,52,Male,Germany,81699,5,10,17,High,Gold,100.0
64,31,Male,France,56536,10,1,1,High,Gold,67.19
65,34,Female,Canada,70364,6,1,18,High,Gold,60.67
66,53,Female,Canada,99149,9,2,8,Low,Bronze,87.19
67,67,Male,UK,115925,10,3,18,High,Gold,100.0
68,57,Female,Canada,34262,4,9,18,High,Gold,99.86
69,21,Male,USA,64450,10,3,4,Medium,Silver,100.0
70,19,Male,USA,75486,5,4,20,Low,Silver,80.11
71,23,Male,Germany,91477,4,3,14,High,Silver,91.6
72,59,Male,UK,60308,5,2,6,High,Bronze,76.91
73,21,Male,USA,43257,1,4,4,Low,Silver,46.58
74,46,Male,UK,104318,8,10,9,Low,Bronze,100.0
75,35,Male,Germany,98548,9,9,10,Medium,Silver,100.0
76,43,Male,Canada,90145,3,6,3,Medium,Bronze,78.7
77,61,Male,Canada,64282,10,1,16,Medium,Bronze,83.31
78,51,Male,Canada,58514,3,6,17,Medium,Bronze,87.35
79,27,Male,USA,47155,9,5,1,High,Silver,87.48
80,53,Male,UK,95408,9,8,11,Low,Bronze,100.0
81,31,Male,USA,102144,7,9,2,Low,Silver,91.72
82,48,Male,France,84868,5,4,11,Low,Gold,71.21
83,65,Male,UK,56005,1,8,12,Low,Gold,88.37
84,32,Male,Germany,41451,9,8,1,Low,Gold,100.0
85,25,Female,USA,65875,6,4,11,Low,Gold,84.12
86,31,Female,Canada,118933,3,1,17,Low,Bronze,51.57
87,40,Male,Canada,115896,5,4,9,Medium,Silver,79.53
88,57,Female,Canada,98973,9,10,15,Medium,Silver,100.0
89,38,Female,USA,44838,1,7,16,High,Bronze,84.79
90,33,Female,USA,108700,10,3,1,Medium,Silver,100.0
91,62,Male,Canada,69885,1,6,14,Medium,Gold,71.42
92,35,Male,Canada,71049,10,2,7,High,Silver,77.42
93,64,Male,Canada,56243,4,10,6,Medium,Gold,100.0
94,41,Female,France,65122,6,7,18,Medium,Gold,82.91
95,43,Female,USA,52438,3,8,12,Low,Gold,91.78
96,42,Male,Canada,38297,3,9,6,High,Gold,81.73
97,62,Female,Germany,87011,4,1,10,Medium,Gold,83.53
98,58,Female,Canada,114170,1,9,13,Medium,Gold,100.0
99,46,Male,USA,51814,5,3,2,High,Gold,62.79
100,32,Female,Germany,48027,8,7,6,High,Gold,73.83
101,62,Female,USA,84302,6,6,17,Low,Bronze,100.0
102,18,Male,USA,73911,3,9,13,Low,Gold,87.24
103,42,Female,USA,42143,4,9,14,High,Gold,100.0
104,24,Male,UK,109502,5,4,11,Low,Gold,84.43
105,26,Male,Germany,78192,5,5,11,High,Silver,85.26
106,41,Male,France,92190,2,4,8,Medium,Gold,59.89
107,18,Male,France,79929,3,9,9,Low,Bronze,79.86
108,61,Male,UK,40839,10,5,8,Low,Gold,90.56
109,25,Male,USA,110206,8,9,2,Medium,Bronze,100.0
110,41,Male,France,87200,1,8,7,Medium,Bronze,93.71
111,28,Female,Germany,49631,4,2,19,Low,Gold,79.97
112,68,Male,Canada,112389,2,6,3,Medium,Bronze,81.08
113,34,Female,Germany,67911,9,7,6,Medium,Gold,100.0
114,25,Female,USA,35065,7,3,13,Medium,Silver,78.74
115,52,Male,Germany,72646,6,9,16,Medium,Gold,100.0
116,52,Female,USA,39540,4,4,20,High,Gold,74.69
117,50,Male,Germany,106576,1,4,10,High,Silver,70.77
118,22,Male,UK,68947,9,4,6,High,Silver,85.99
119,59,Male,Germany,114199,3,3,1,High,Silver,76.93
120,56,Male,France,96881,3,6,17,Low,Silver,99.16
121,58,Male,Canada,114907,6,9,14,Low,Gold,97.81
122,45,Male,UK,106990,6,6,17,High,Silver,100.0
123,24,Female,Germany,31196,4,2,3,Medium,Gold,63.03
124,26,Female,USA,93460,5,7,4,Low,Bronze,99.76
125,25,Female,UK,60328,5,8,1,Low,Silver,79.87
126,29,Female,France,91303,6,9,10,High,Gold,100.0
127,51,Female,Canada,52193,3,3,9,High,Silver,68.52
128,50,Male,Canada,72818,9,9,14,Low,Silver,100.0
129,65,Female,Germany,73862,7,6,13,Medium,Gold,100.0
130,40,Male,France,61460,4,10,8,Low,Bronze,85.23
131,41,Male,France,40368,3,7,8,Medium,Bronze,72.15
132,54,Male,Canada,95265,10,1,5,High,Bronze,96.28
133,52,Male,Canada,33910,7,9,16,Low,Silver,100.0
134,61,Male,France,112935,5,3,19,Medium,Bronze,89.43
135,57,Male,Canada,77042,2,2,8,Medium,Gold,51.15
136,39,Male,USA,115074,6,9,13,High,Silver,100.0
137,44,Female,Canada,51341,3,3,4,High,Gold,57.98
138,52,Male,USA,104888,7,7,20,Low,Bronze,100.0
139,18,Male,Canada,45970,10,3,15,Medium,Bronze,88.63
140,52,Female,UK,46546,5,2,12,Medium,Gold,77.78
141,54,Female,UK,60860,7,9,4,Low,Bronze,100.0
142,64,Male,UK,51145,4,3,17,High,Gold,92.42
143,31,Female,USA,67042,1,1,9,High,Silver,26.67
144,20,Male,USA,65992,1,9,20,Medium,Bronze,78.83
145,18,Male,Germany,103510,7,3,15,High,Bronze,83.59
146,22,Male,Germany,42746,9,4,7,Low,Silver,97.22
147,43,Male,Canada,101133,6,3,9,Low,Silver,77.17
148,31,Female,USA,61284,3,2,13,High,Gold,51.81
149,56,Female,UK,117613,9,9,9,Medium,Silver,100.0
150,44,Female,UK,44440,9,1,5,Medium,Silver,73.83
151,26,Male,UK,75022,1,7,12,Low,Gold,55.71
152,32,Male,Canada,96759,10,1,9,Medium,Silver,89.27
153,32,Female,USA,114282,5,2,15,High,Bronze,88.23
154,43,Female,Canada,91845,3,4,11,Medium,Gold,70.78
155,59,Male,France,104405,9,3,16,Low,Gold,100.0
156,30,Female,France,36871,7,5,5,Medium,Bronze,88.46
157,68,Female,Germany,73294,4,10,3,Medium,Gold,100.0
158,49,Male,USA,86112,5,8,1,Low,Gold,100.0
159,56,Female,UK,50403,9,5,13,Medium,Bronze,100.0
160,66,Male,USA,49312,4,2,7,Low,Silver,69.68
161,69,Female,Germany,95901,7,8,9,Low,Silver,100.0
162,49,Female,UK,59912,5,9,1,Medium,Bronze,100.0
163,21,Male,Canada,64783,1,1,2,Low,Bronze,29.03
164,47,Male,UK,48172,1,8,5,Low,Silver,73.46
165,54,Male,France,57353,6,4,7,Medium,Silver,100.0
166,40,Male,Canada,67987,2,7,20,Low,Silver,100.0
167,56,Male,UK,59206,5,7,4,High,Gold,79.87
168,62,Male,Canada,94493,2,10,10,High,Silver,100.0
169,32,Female,France,110154,10,8,8,Medium,Bronze,100.0
170,60,Female,France,66852,1,6,14,High,Bronze,77.8
171,46,Male,USA,60850,8,4,5,Low,Gold,90.13
172,53,Male,France,95639,4,8,4,Medium,Silver,100.0
173,30,Male,France,37706,10,9,15,Low,Silver,100.0
174,49,Female,France,65517,5,10,12,Low,Gold,100.0
175,24,Female,Germany,61501,6,1,2,High,Gold,61.82
176,68,Female,France,117771,6,3,9,High,Silver,100.0
177,39,Female,USA,114651,4,5,9,Medium,Gold,95.71
178,45,Male,Canada,74007,2,9,17,Low,Gold,98.36
179,19,Female,Germany,85498,2,8,16,High,Bronze,100.0
180,59,Female,Canada,77155,1,7,18,Low,Silver,94.69
181,62,Female,Canada,42755,5,6,19,Low,Bronze,100.0
182,23,Male,USA,41681,6,8,2,Medium,Silver,100.0
183,45,Female,Germany,93484,10,1,1,High,Gold,85.16
184,45,Male,UK,63682,2,2,12,Low,Gold,62.22
185,61,Female,France,68904,3,8,2,High,Bronze,100.0
186,61,Female,Canada,49947,3,6,14,Medium,Gold,77.78
187,37,Female,Canada,51696,7,7,19,Low,Silver,100.0
188,47,Male,USA,56756,8,5,3,High,Bronze,92.55
189,28,Female,USA,103912,2,7,2,High,Bronze,69.02
190,45,Female,USA,113093,5,9,2,Low,Gold,100.0
191,42,Male,Germany,85553,7,5,11,High,Bronze,100.0
192,56,Female,France,37624,8,7,2,Medium,Bronze,96.23
193,50,Female,Germany,106523,10,4,17,Low,Bronze,100.0
194,18,Female,USA,96950,3,5,12,High,Bronze,81.47
195,44,Female,USA,63044,6,10,12,Medium,Silver,100.0
196,69,Female,Canada,107370,9,5,17,Medium,Silver,100.0
197,30,Male,Germany,58424,4,5,1,Low,Bronze,67.86
198,58,Female,Germany,58791,6,3,8,Medium,Silver,78.6
199,20,Female,France,108408,4,5,7,Low,Bronze,86.29
200,56,Male,Germany,30250,5,6,7,Low,Silver,90.23
201,23,Male,France,76475,3,7,10,Low,Gold,83.65
202,25,Female,UK,43803,4,4,5,Low,Silver,62.44
203,44,Female,France,43923,3,3,20,High,Gold,55.99
204,26,Female,USA,74616,4,8,14,Medium,Bronze,93.29
205,54,Male,UK,69049,6,5,7,Medium,Bronze,90.6
206,50,Female,Canada,75680,2,7,19,Low,Silver,82.42
207,68,Male,Canada,77689,10,8,11,Low,Silver,100.0
208,59,Male,Canada,36719,1,9,14,Medium,Bronze,93.53
209,61,Male,USA,60000,8,6,3,High,Bronze,91.87
210,41,Female,Canada,64287,3,10,6,High,Bronze,100.0
211,32,Female,France,75667,4,10,12,High,Gold,100.0
212,49,Female,USA,90570,4,7,1,Low,Silver,92.83
213,49,Male,Germany,66360,4,8,19,High,Silver,100.0
214,41,Female,USA,108649,8,6,6,High,Silver,94.44
215,58,Female,USA,112683,4,6,4,Low,Bronze,100.0
216,69,Male,Germany,100685,3,2,14,High,Silver,64.29
217,66,Male,France,38141,6,10,11,High,Gold,100.0
218,66,Male,UK,88668,2,5,7,Medium,Silver,82.81
219,69,Male,Germany,30924,10,3,6,Medium,Silver,100.0
220,29,Male,USA,97291,9,2,19,Low,Gold,100.0
221,56,Female,Canada,103502,5,5,19,Medium,Gold,100.0
222,19,Male,Germany,109568,7,6,11,Medium,Silver,100.0
223,20,Female,Germany,67503,1,3,14,Low,Gold,55.01
224,66,Male,UK,102757,2,7,13,Low,Bronze,95.66
225,54,Female,USA,88958,3,3,12,High,Silver,78.74
226,66,Female,Canada,111710,4,3,13,High,Bronze,90.0
227,34,Male,Canada,62927,10,6,1,High,Silver,100.0
228,66,Male,UK,112314,3,9,12,Medium,Bronze,100.0
229,19,Female,Canada,116859,2,2,11,Medium,Silver,54.35
230,19,Male,France,81058,6,6,19,High,Silver,92.79
231,45,Male,Germany,48802,1,10,5,Medium,Gold,82.12
232,40,Male,Germany,59862,8,5,16,Low,Bronze,90.61
233,54,Male,Canada,39971,1,4,17,High,Silver,68.62
234,49,Male,Canada,87032,10,10,3,High,Bronze,100.0
235,50,Male,Canada,70729,2,10,12,Medium,Bronze,100.0
236,18,Male,Germany,38515,3,2,2,High,Bronze,38.9
237,36,Male,Canada,54076,4,8,17,Low,Silver,80.38
238,19,Female,France,67148,5,3,20,Medium,Silver,82.28
239,61,Female,France,77342,4,4,12,Medium,Gold,90.22
240,43,Male,Germany,65400,6,9,12,Low,Gold,100.0
241,49,Male,USA,75737,3,9,12,High,Bronze,100.0
242,23,Female,USA,57069,8,6,8,High,Bronze,100.0
243,49,Male,USA,70679,2,10,8,Medium,Silver,94.05
244,21,Male,France,109046,9,3,8,High,Bronze,97.77
245,28,Male,UK,51702,7,7,5,Low,Silver,100.0
246,34,Male,USA,116036,8,2,6,High,Gold,100.0
247,55,Female,UK,101153,6,7,12,Low,Silver,96.7
248,41,Male,Germany,102364,5,4,20,Medium,Bronze,100.0
249,22,Female,France,78538,5,6,14,Medium,Bronze,100.0
250,69,Male,USA,115188,7,9,13,Low,Gold,100.0
251,51,Female,France,98423,4,7,7,High,Gold,92.13
252,23,Female,Germany,91710,1,8,8,High,Bronze,78.48
253,39,Female,France,79740,6,9,3,Medium,Silver,93.73
254,28,Male,Canada,95195,5,5,19,High,Gold,86.09
255,65,Male,USA,59050,7,1,8,Medium,Bronze,66.78
256,33,Male,France,112862,1,8,17,Low,Bronze,100.0
257,50,Female,France,39759,7,4,6,Medium,Gold,82.24
258,26,Male,France,115027,10,6,20,Medium,Gold,100.0
259,23,Male,Germany,31712,2,7,14,High,Gold,69.13
260,33,Female,USA,78564,7,5,20,Medium,Silver,100.0
261,46,Male,USA,79558,10,9,12,Low,Gold,100.0
262,20,Female,Canada,119233,2,1,15,Low,Silver,73.23
263,37,Male,Canada,93883,3,8,12,Medium,Silver,89.01
264,53,Female,France,55430,7,7,16,Medium,Gold,100.0
265,36,Female,USA,53933,2,3,14,High,Silver,55.66
266,43,Female,USA,117169,4,1,2,Low,Silver,70.48
267,20,Female,France,90651,9,1,11,Low,Silver,80.56
268,36,Female,UK,104142,6,1,6,Low,Gold,79.47
269,37,Female,USA,102111,8,9,19,Low,Bronze,100.0
270,49,Female,France,70789,9,4,16,High,Silver,100.0
271,24,Male,France,99700,9,5,19,Medium,Gold,100.0
272,69,Female,UK,74176,7,6,11,Medium,Bronze,100.0
273,58,Male,Canada,88410,10,1,19,Medium,Gold,100.0
274,50,Male,France,99062,2,8,1,High,Gold,90.36
275,57,Male,USA,70081,6,1,18,Medium,Bronze,81.13
276,56,Female,Canada,84334,8,10,5,Low,Bronze,100.0
277,35,Male,Canada,69195,4,6,12,High,Silver,81.36
278,57,Female,Canada,115698,9,4,11,Low,Gold,100.0
279,18,Male,France,80784,8,2,20,Low,Gold,76.92
280,28,Female,USA,41227,1,6,2,Low,Gold,37.65
281,45,Female,UK,33831,8,2,7,Low,Silver,67.54
282,42,Male,Germany,31937,9,8,10,High,Silver,100.0
283,67,Female,Germany,111550,1,6,19,Low,Bronze,84.45
284,40,Male,Canada,89850,9,6,8,High,Gold,100.0
285,48,Female,Germany,112904,1,2,19,Medium,Bronze,58.35
286,47,Female,Germany,79960,10,9,7,Medium,Gold,100.0
287,59,Male,France,86941,7,5,1,Low,Gold,98.36
288,52,Female,UK,62474,2,7,18,High,Gold,86.92
289,24,Male,Germany,74107,4,3,16,Medium,Gold,57.58
290,33,Male,UK,47608,8,9,5,Low,Gold,100.0
291,43,Male,Germany,112292,8,4,7,Low,Silver,85.47
292,65,Female,Canada,115313,10,9,11,High,Gold,100.0
293,69,Male,Canada,114296,7,1,14,Low,Silver,81.6
294,66,Male,UK,93854,4,9,17,Low,Bronze,100.0
295,19,Male,UK,115623,4,2,9,High,Silver,62.21
296,18,Male,UK,113122,6,10,15,Medium,Silver,100.0
297,65,Female,UK,109998,10,2,19,High,Silver,100.0
298,29,Female,USA,107967,5,9,3,High,Bronze,99.27
299,22,Male,Canada,103920,9,2,12,Low,Silver,71.22
300,54,Male,Germany,83716,5,7,1,Low,Silver,98.54
301,49,Male,USA,31265,6,8,14,Medium,Bronze,93.35
302,26,Male,UK,84692,8,1,14,Medium,Bronze,79.42
303,58,Male,Germany,100208,10,6,6,Low,Bronze,100.0
304,52,Male,Canada,67296,4,5,2,Medium,Silver,84.83
305,36,Female,UK,40286,10,7,10,Low,Gold,97.61
306,65,Male,France,60119,10,10,15,Low,Silver,100.0
307,33,Male,UK,117437,2,5,12,High,Gold,75.24
308,20,Male,Germany,97999,2,4,19,High,Silver,68.56
309,37,Male,Canada,65799,10,2,2,Medium,Gold,87.92
310,41,Male,UK,31830,5,10,15,Medium,Silver,100.0
311,50,Male,Canada,111508,2,1,20,Medium,Silver,85.46
312,41,Female,USA,63322,2,3,13,Low,Gold,52.78
313,69,Female,France,56038,4,7,18,Medium,Bronze,100.0
314,28,Male,USA,65371,7,6,20,High,Bronze,100.0
315,66,Female,France,119419,1,7,2,Medium,Bronze,100.0
316,25,Male,USA,46770,5,8,2,Low,Silver,90.77
317,53,Female,Canada,69764,3,8,1,Low,Bronze,95.06
318,55,Male,Canada,68457,3,10,3,Medium,Gold,95.69
319,57,Male,USA,83082,8,4,19,Low,Silver,98.55
320,37,Male,Germany,88761,4,4,12,Medium,Gold,60.86
321,52,Female,USA,71481,6,1,1,Medium,Silver,69.67
322,65,Female,UK,46336,10,5,3,Medium,Gold,100.0
323,42,Male,Germany,37337,1,1,12,Low,Silver,59.43
324,52,Male,Canada,48465,2,6,12,Medium,Silver,77.09
325,42,Female,USA,56777,8,4,12,High,Silver,94.41
326,46,Male,Germany,72113,6,8,2,High,Silver,100.0
327,35,Male,UK,36856,8,5,20,High,Bronze,100.0
328,63,Male,France,89381,7,7,6,Medium,Silver,100.0
329,35,Female,Canada,108380,6,6,16,Low,Gold,91.32
330,19,Female,Germany,103732,3,6,13,Medium,Silver,65.79
331,52,Male,Germany,36169,5,10,10,High,Bronze,100.0
332,33,Male,Germany,102179,7,8,5,Low,Silver,100.0
333,58,Female,USA,36888,4,2,17,High,Gold,66.07
334,53,Male,Canada,47742,6,7,4,Low,Gold,90.58
335,50,Male,Canada,115400,1,5,15,Low,Gold,81.58
336,21,Male,USA,64585,2,3,12,High,Gold,38.84
337,50,Male,USA,86411,8,3,20,Low,Bronze,100.0
338,31,Female,USA,112646,6,5,8,High,Silver,86.84
339,38,Male,UK,31620,10,2,13,Low,Silver,70.93
340,65,Male,Germany,78661,6,7,5,High,Gold,100.0
341,37,Male,UK,84674,8,6,18,High,Gold,100.0
342,25,Female,Canada,101153,8,10,7,High,Gold,100.0
343,24,Female,USA,75097,1,4,10,High,Gold,65.09
344,20,Female,Germany,62227,9,8,8,Medium,Bronze,100.0
345,34,Male,France,106958,4,5,2,Low,Silver,89.1
346,50,Male,Germany,38441,2,7,2,High,Bronze,72.7
347,65,Male,France,30330,3,8,12,Low,Silver,79.73
348,29,Female,Germany,97408,7,8,3,High,Gold,100.0
349,68,Female,USA,62480,9,6,8,Medium,Gold,100.0
350,39,Male,France,35482,7,9,11,High,Gold,100.0
351,39,Male,France,54025,1,8,11,Medium,Silver,75.63
352,63,Female,Canada,35539,6,5,10,High,Silver,100.0
353,47,Male,Germany,35569,6,2,19,Low,Bronze,81.23
354,55,Male,UK,44199,5,9,19,High,Silver,100.0
355,55,Male,UK,39406,1,10,18,Low,Gold,100.0
356,62,Female,Canada,118433,5,10,12,Medium,Bronze,100.0
357,68,Male,Canada,52806,5,9,7,Low,Gold,100.0
358,25,Female,Canada,60769,8,5,7,High,Silver,90.51
359,44,Male,USA,82544,5,8,13,High,Bronze,100.0
360,44,Female,USA,35117,5,1,16,High,Bronze,62.5
361,51,Female,USA,77801,9,10,15,High,Bronze,100.0
362,38,Female,USA,105428,6,8,19,Medium,Gold,100.0
363,47,Male,Canada,68276,9,2,11,Low,Bronze,96.86
364,50,Male,Canada,34706,10,2,13,Medium,Bronze,100.0
365,45,Male,USA,39845,9,4,3,Medium,Gold,100.0
366,64,Female,USA,59941,4,3,20,High,Gold,81.1
367,50,Female,France,73929,3,9,12,Medium,Bronze,100.0
368,22,Male,Germany,61529,7,10,6,Medium,Silver,100.0
369,65,Female,France,68554,4,3,3,Medium,Bronze,85.45
370,36,Female,Germany,115941,6,9,6,Low,Gold,100.0
371,21,Male,USA,77185,6,5,15,Low,Silver,100.0
372,52,Female,USA,35722,8,8,1,Medium,Gold,100.0
373,66,Male,USA,59304,9,7,12,Low,Bronze,100.0
374,34,Male,France,108282,7,8,1,High,Bronze,100.0
375,61,Female,Canada,119879,6,9,5,Medium,Silver,100.0
376,45,Male,Germany,115373,1,2,13,High,Bronze,65.07
377,47,Female,France,100310,4,9,6,Low,Gold,100.0
378,46,Male,USA,65654,2,1,13,Low,Silver,58.42
379,63,Male,Canada,99003,6,8,10,Low,Bronze,100.0
380,23,Male,France,84037,2,4,17,High,Bronze,53.56
381,52,Male,Germany,35389,5,4,2,Medium,Silver,69.92
382,58,Male,USA,75522,7,4,17,High,Bronze,88.9
383,54,Male,Germany,103172,6,6,12,High,Gold,99.94
384,41,Male,USA,58540,4,10,7,Low,Silver,99.25
385,46,Female,USA,61144,5,10,10,Medium,Silver,92.8
386,66,Male,UK,63196,6,5,13,High,Bronze,82.22
387,63,Male,Germany,40820,8,6,14,Medium,Silver,100.0
388,48,Female,Canada,98706,10,5,6,Medium,Gold,100.0
389,52,Female,USA,84715,4,5,2,Low,Silver,84.72
390,50,Male,Canada,111503,6,5,7,Low,Bronze,100.0
391,69,Female,France,67129,9,2,19,Medium,Silver,100.0
392,38,Male,USA,87565,9,10,12,High,Silver,100.0
393,49,Male,USA,52664,9,5,7,Medium,Gold,99.65
394,40,Female,USA,91333,4,3,19,Medium,Silver,100.0
395,50,Female,Canada,75204,7,9,11,Medium,Bronze,100.0
396,20,Male,UK,30126,6,10,5,Low,Gold,96.5
397,35,Female,Germany,72223,4,10,20,Medium,Silver,100.0
398,42,Male,USA,73286,10,6,16,Low,Bronze,100.0
399,59,Male,Germany,69996,8,1,9,Low,Bronze,85.0
400,48,Female,Germany,56206,7,9,7,High,Gold,100.0
401,20,Male,Germany,47808,9,8,18,High,Gold,99.38
402,57,Female,Canada,118502,9,10,8,Medium,Gold,100.0
403,63,Female,Germany,90692,6,9,16,Medium,Bronze,100.0
404,41,Female,France,78808,6,6,5,Medium,Silver,96.44
405,67,Male,Canada,67006,9,2,6,High,Gold,91.97
406,49,Male,Canada,46698,8,3,8,Medium,Silver,77.66
407,64,Male,France,90302,8,10,14,High,Bronze,100.0
408,39,Female,UK,44364,6,8,9,High,Gold,94.35
409,40,Male,UK,95034,3,9,3,Low,Gold,100.0
410,19,Female,USA,53513,2,9,5,High,Bronze,81.18
411,44,Female,UK,45057,10,1,18,High,Bronze,83.5
412,59,Male,USA,93959,4,9,4,Medium,Bronze,96.83
413,19,Female,Germany,106401,5,9,20,Low,Gold,100.0
414,43,Male,USA,102247,2,2,17,Low,Gold,81.58
415,34,Female,UK,52708,9,1,20,Low,Silver,76.71
416,57,Male,USA,37692,6,1,14,Medium,Gold,84.26
417,50,Female,Canada,73845,1,3,3,Medium,Bronze,50.98
418,26,Female,UK,65594,3,1,8,Medium,Gold,48.4
419,60,Male,USA,49831,1,4,5,High,Silver,50.74
420,65,Male,UK,102086,4,10,4,High,Gold,100.0
421,56,Male,France,73504,9,4,4,Low,Bronze,80.66
422,46,Male,UK,37223,4,8,1,Low,Bronze,82.57
423,59,Male,France,33336,7,6,19,Medium,Silver,87.78
424,43,Female,USA,108970,8,2,7,Medium,Silver,81.66
425,52,Female,France,51842,10,5,17,Medium,Silver,100.0
426,67,Male,UK,49682,8,9,7,High,Gold,100.0
427,42,Male,Canada,66831,9,3,12,Low,Gold,94.02
428,41,Female,France,40989,1,2,17,High,Silver,42.03
429,30,Female,UK,70014,7,2,3,High,Gold,78.2
430,24,Male,Canada,50754,5,6,17,High,Silver,90.26
431,53,Male,Germany,99984,9,7,1,Low,Gold,100.0
432,62,Male,France,106758,5,8,2,High,Gold,100.0
433,37,Female,France,47627,2,1,8,High,Silver,39.85
434,18,Female,USA,82483,5,3,11,Low,Gold,66.55
435,25,Female,Germany,82014,9,10,8,High,Gold,100.0
436,63,Female,USA,118478,1,4,10,Medium,Gold,72.55
437,33,Male,USA,104116,7,8,1,Low,Silver,100.0
438,31,Male,UK,35408,3,10,5,Medium,Silver,86.35
439,29,Male,USA,82527,10,10,6,Low,Silver,100.0
440,68,Female,France,109855,4,2,20,High,Silver,82.67
441,40,Female,USA,101610,4,10,13,Low,Gold,100.0
442,32,Male,Canada,107025,10,6,5,Low,Bronze,100.0
443,45,Male,France,38127,2,4,1,Low,Gold,51.89
444,51,Female,UK,43960,3,8,5,Medium,Bronze,91.84
445,19,Male,USA,73368,3,1,5,High,Bronze,45.45
446,49,Male,Canada,41426,7,1,7,High,Bronze,56.71
447,40,Female,Canada,66910,10,10,2,Medium,Gold,100.0
448,39,Male,France,54630,8,9,12,High,Silver,100.0
449,68,Female,USA,73274,8,4,14,Medium,Silver,100.0
450,42,Male,Canada,108368,9,2,14,Medium,Bronze,100.0
451,39,Male,USA,48373,2,4,17,Low,Silver,59.53
452,39,Male,France,99559,10,6,15,Medium,Silver,100.0
453,66,Female,Germany,105071,8,3,19,Low,Silver,100.0
454,69,Female,Canada,65804,6,1,2,High,Gold,78.16
455,59,Female,UK,65897,4,9,4,High,Bronze,88.83
456,23,Female,USA,90011,4,7,5,Low,Silver,91.82
457,32,Male,France,79043,9,2,19,High,Silver,76.74
458,60,Female,France,89665,4,9,12,High,Gold,99.01
459,54,Male,UK,73692,2,4,12,High,Gold,65.82
460,50,Male,Germany,41386,5,6,20,High,Bronze,96.38
461,25,Male,USA,114115,2,8,1,Low,Gold,89.5
462,61,Male,Germany,110184,5,4,15,Low,Bronze,100.0
463,61,Male,France,80385,7,5,10,Medium,Silver,100.0
464,22,Male,Canada,98340,2,7,5,High,Gold,95.2
465,56,Male,Germany,116938,9,5,1,High,Gold,100.0
466,21,Female,Canada,77377,1,4,10,Medium,Silver,44.34
467,23,Male,UK,71104,10,9,20,High,Bronze,100.0
468,62,Female,France,87944,9,7,11,High,Bronze,100.0
469,49,Male,Canada,116788,4,2,12,High,Silver,83.16
470,69,Female,USA,60597,3,1,11,High,Gold,53.28
471,47,Male,France,81573,10,9,4,Medium,Bronze,100.0
472,64,Female,UK,45335,3,3,12,High,Gold,66.13
473,52,Male,USA,96915,9,10,9,High,Silver,100.0
474,57,Female,France,88126,7,9,15,Medium,Silver,100.0
475,69,Female,Germany,86870,2,6,7,Low,Silver,89.02
476,33,Female,France,74495,3,2,1,High,Silver,42.66
477,30,Male,USA,71957,1,5,20,Medium,Silver,62.42
478,67,Male,Canada,61892,5,6,13,Low,Silver,73.64
479,59,Female,Canada,69653,5,7,5,High,Gold,100.0
480,47,Female,France,37948,9,4,9,High,Silver,79.28
481,36,Male,France,100940,10,2,3,Medium,Bronze,100.0
482,34,Male,UK,117393,3,9,15,Low,Bronze,100.0
483,36,Male,Germany,39864,6,10,9,High,Bronze,85.61
484,45,Male,UK,93170,9,4,6,Medium,Gold,97.55
485,43,Male,UK,112109,3,7,14,Medium,Silver,100.0
486,54,Female,Canada,74765,7,1,20,Low,Bronze,81.49
487,43,Female,Canada,110706,2,3,14,Medium,Silver,65.65
488,40,Female,USA,109984,6,8,15,Medium,Silver,100.0
489,26,Female,UK,65517,7,8,17,High,Bronze,100.0
490,29,Male,USA,32493,8,4,20,Low,Gold,95.16
491,18,Male,France,66539,2,9,8,Medium,Bronze,85.24
492,18,Female,USA,34528,1,6,7,High,Silver,51.56
493,64,Male,Canada,84438,8,9,17,Low,Gold,100.0
494,51,Male,UK,30680,7,3,16,Medium,Bronze,73.15
495,49,Female,Canada,95841,8,7,3,Medium,Gold,100.0
496,65,Female,France,47377,3,6,18,Medium,Gold,85.68
497,42,Male,Germany,109376,7,5,19,High,Bronze,100.0
498,57,Female,UK,86884,7,6,19,High,Bronze,100.0
499,62,Male,Canada,64169,4,1,10,High,Silver,75.48
500,18,Female,Germany,94694,9,8,14,High,Bronze,100.0
501,33,Male,France,99837,5,7,14,High,Bronze,100.0
502,56,Female,Germany,101408,8,10,8,High,Silver,100.0
503,22,Male,Canada,68730,10,8,13,Medium,Bronze,100.0
504,39,Male,Canada,57063,5,1,7,Medium,Gold,72.03
505,46,Male,France,55344,2,7,11,Low,Bronze,80.75
506,20,Female,France,38384,2,5,20,Medium,Gold,54.07
507,29,Male,Germany,82159,10,4,5,Low,Silver,100.0
508,43,Male,Germany,68542,5,10,17,Low,Gold,100.0
509,33,Female,Canada,66097,4,7,19,Medium,Bronze,88.9
510,68,Female,France,111931,9,7,4,Low,Gold,100.0
511,54,Male,USA,55516,5,2,10,Low,Gold,75.67
512,39,Male,France,61928,2,1,4,Low,Bronze,53.73
513,46,Female,UK,70745,7,6,15,Medium,Gold,100.0
514,31,Female,UK,95750,9,3,6,High,Silver,99.62
515,45,Male,France,62445,1,5,17,High,Bronze,66.06
516,22,Male,Germany,104445,6,1,12,High,Bronze,77.29
517,64,Female,UK,106234,8,9,6,High,Gold,100.0
518,66,Male,Canada,109211,3,3,18,Low,Silver,93.78
519,47,Male,Canada,34416,4,5,1,High,Bronze,73.45
520,63,Male,Canada,109479,4,6,14,Low,Gold,99.43
521,69,Female,France,99374,6,1,4,High,Silver,72.05
522,22,Female,UK,46398,9,9,13,High,Silver,100.0
523,29,Male,Germany,55765,9,3,16,Low,Bronze,81.09
524,33,Male,Canada,101009,9,4,20,Low,Bronze,93.26
525,43,Male,Germany,62064,8,3,10,High,Silver,100.0
526,43,Female,Canada,37617,6,6,3,High,Gold,83.12
527,65,Male,France,96261,3,1,20,High,Gold,64.72
528,38,Female,Canada,70827,6,9,10,Low,Gold,100.0
529,56,Male,France,116093,6,2,17,Low,Silver,100.0
530,53,Female,UK,79890,4,2,15,Low,Gold,78.2
531,50,Male,UK,30207,10,4,6,Low,Bronze,92.15
532,47,Female,Germany,47298,4,1,5,High,Bronze,65.1
533,54,Female,Canada,52558,7,3,18,Low,Gold,76.54
534,40,Male,UK,30193,2,10,5,Low,Bronze,82.5
535,27,Female,USA,74911,2,6,5,Low,Silver,80.45
536,22,Male,USA,67572,9,1,5,Medium,Gold,74.17
537,53,Female,Germany,94993,4,5,4,Medium,Silver,94.11
538,51,Male,UK,99573,3,5,17,High,Silver,100.0
539,69,Female,France,52177,2,4,9,High,Bronze,60.27
540,48,Female,USA,72755,8,2,12,High,Bronze,100.0
541,27,Male,UK,55379,1,4,16,High,Gold,57.7
542,36,Female,France,61915,1,2,15,High,Silver,36.34
543,49,Male,Canada,57847,5,10,2,Medium,Silver,100.0
544,18,Male,UK,89049,8,3,9,Medium,Gold,87.98
545,22,Male,Canada,119839,10,1,2,High,Silver,95.11
546,62,Female,USA,92969,4,3,10,Medium,Silver,68.79
547,21,Female,Canada,33566,8,1,10,High,Gold,83.17
548,33,Female,USA,84315,9,8,8,Low,Silver,100.0
549,41,Male,Germany,37426,1,1,12,High,Bronze,42.34
550,33,Male,Germany,66859,5,1,11,High,Bronze,66.72
551,19,Female,USA,39269,6,10,6,Low,Silver,100.0
552,66,Male,France,56296,7,7,9,Low,Silver,100.0
553,45,Female,Germany,42939,10,2,3,Low,Gold,79.46
554,49,Female,France,113327,9,4,7,High,Bronze,100.0
555,44,Male,France,35306,3,1,8,High,Gold,46.39
556,37,Male,France,108279,3,6,12,Low,Gold,69.93
557,41,Male,UK,34092,8,3,5,High,Bronze,80.84
558,29,Male,UK,42446,2,3,14,Medium,Gold,45.05
559,67,Female,France,80654,10,9,17,Medium,Bronze,100.0
560,52,Male,USA,79176,6,7,17,High,Bronze,96.49
561,50,Male,Germany,75873,5,9,5,Medium,Gold,100.0
562,50,Male,Canada,85527,2,9,11,Low,Bronze,91.51
563,68,Female,UK,47927,2,9,1,Medium,Gold,83.16
564,60,Male,UK,44813,1,7,19,High,Bronze,72.27
565,54,Male,Canada,74637,2,4,9,High,Gold,78.23
566,29,Female,France,43944,2,5,10,High,Silver,67.04
567,20,Female,Canada,37002,6,6,17,Low,Bronze,74.5
568,18,Female,France,116434,2,10,15,High,Bronze,92.6
569,50,Male,UK,88859,3,10,10,High,Gold,100.0
570,57,Female,Canada,69948,4,8,1,Low,Gold,100.0
571,27,Female,USA,80964,10,2,14,High,Bronze,89.61
572,60,Male,Germany,43384,3,7,14,Medium,Bronze,79.3
573,61,Male,Germany,44487,1,5,17,Low,Silver,58.29
574,46,Female,Germany,77535,3,5,14,Low,Silver,79.37
575,30,Male,Canada,91696,10,7,4,Medium,Bronze,100.0
576,29,Male,France,30253,9,1,2,High,Silver,68.69
577,48,Female,UK,73778,6,1,16,Medium,Bronze,70.46
578,63,Male,Germany,51133,3,9,19,High,Silver,100.0
579,19,Male,Canada,54697,2,4,1,High,Gold,44.53
580,68,Female,Germany,39475,9,10,12,Medium,Gold,100.0
581,67,Female,France,40789,6,8,10,Low,Bronze,100.0
582,52,Male,USA,37982,10,10,10,Low,Bronze,100.0
583,40,Female,USA,68132,2,8,12,Medium,Bronze,70.11
584,34,Female,UK,68028,9,9,3,High,Bronze,100.0
585,43,Male,USA,108454,6,8,13,High,Bronze,100.0
586,25,Male,USA,32536,10,1,15,Low,Silver,75.48
587,46,Male,Canada,77988,2,4,2,Low,Silver,49.21
588,43,Female,Canada,94422,7,5,3,High,Bronze,100.0
589,27,Female,UK,101448,10,9,14,Medium,Bronze,100.0
590,43,Male,UK,108053,10,4,15,Low,Gold,100.0
591,51,Male,Canada,53397,2,8,1,Low,Gold,63.39
592,68,Male,USA,80341,7,10,3,High,Bronze,100.0
593,58,Male,France,115026,6,4,8,Low,Gold,92.0
594,24,Female,USA,35108,7,6,12,Low,Silver,88.73
595,21,Female,USA,63718,6,6,13,High,Gold,81.31
596,67,Female,France,79381,4,8,16,Low,Bronze,100.0
597,62,Female,UK,81625,1,7,9,Medium,Silver,91.21
598,28,Female,Canada,117643,10,3,11,Low,Bronze,88.88
599,46,Female,UK,70626,4,1,9,High,Bronze,66.14
600,53,Male,UK,108822,1,9,12,Low,Silver,99.48
601,42,Female,UK,72734,6,8,17,High,Bronze,100.0
602,38,Female,Canada,95257,5,8,16,Low,Silver,100.0
603,53,Female,UK,118295,4,6,8,High,Bronze,95.36
604,27,Female,UK,96462,8,2,20,Medium,Bronze,80.73
605,54,Male,Germany,49787,2,2,14,High,Gold,59.71
606,26,Male,USA,69901,7,8,15,High,Gold,100.0
607,41,Female,Germany,85193,6,6,8,Medium,Bronze,100.0
608,52,Male,Canada,70894,5,1,15,Medium,Gold,76.09
609,66,Male,France,117166,8,1,14,Low,Silver,94.6
610,52,Male,France,97422,1,4,11,Low,Gold,73.1
611,65,Male,Germany,34463,9,7,2,Medium,Silver,100.0
612,53,Female,Germany,105785,9,10,16,High,Gold,100.0
613,35,Female,Germany,78675,10,8,19,High,Gold,100.0
614,66,Female,USA,92361,8,10,3,High,Gold,100.0
615,56,Female,Canada,87524,9,4,8,High,Gold,100.0
616,49,Female,UK,37888,5,6,18,High,Silver,84.59
617,41,Male,Germany,40325,2,6,17,Low,Silver,85.04
618,40,Female,USA,75269,4,1,20,Medium,Bronze,84.25
619,49,Female,France,78436,2,10,4,High,Silver,100.0
620,54,Male,France,72150,2,4,10,Medium,Silver,71.95
621,29,Male,France,105068,5,3,12,Medium,Silver,79.04
622,66,Female,Germany,50531,1,6,1,Medium,Gold,66.26
623,30,Male,France,48627,10,3,3,Medium,Silver,92.25
624,40,Female,France,47096,10,7,9,Low,Silver,100.0
625,42,Male,France,79833,5,3,7,High,Bronze,74.12
626,52,Female,UK,100898,1,9,12,High,Bronze,91.01
627,58,Female,France,111247,3,4,14,High,Gold,91.83
628,47,Female,USA,63354,7,5,6,Low,Gold,90.33
629,34,Female,Germany,119266,8,8,16,Low,Gold,100.0
630,66,Male,UK,88754,1,9,15,Medium,Silver,100.0
631,37,Female,UK,85180,10,2,3,High,Silver,100.0
632,65,Female,Germany,46747,9,3,10,High,Gold,100.0
633,42,Female,France,56508,6,9,11,Medium,Bronze,100.0
634,39,Female,France,91816,9,7,5,High,Gold,100.0
635,30,Male,Canada,74604,10,2,9,Low,Silver,78.33
636,36,Male,France,118343,2,10,16,High,Silver,84.47
637,66,Female,USA,109507,2,5,13,Medium,Silver,96.99
638,53,Female,France,71686,6,4,6,Medium,Silver,75.4
639,29,Male,Germany,117529,1,1,13,Medium,Gold,46.5
640,58,Female,France,113040,2,10,9,Medium,Gold,100.0
641,36,Female,Germany,87933,5,8,11,Medium,Gold,100.0
642,29,Male,UK,52004,6,1,10,High,Bronze,59.74
643,26,Male,Canada,112848,5,9,8,Low,Bronze,100.0
644,24,Male,UK,115032,3,4,4,High,Bronze,80.2
645,45,Female,Germany,65777,6,4,13,High,Bronze,87.74
646,31,Female,Canada,77601,9,1,7,Medium,Bronze,76.06
647,48,Female,UK,56375,4,3,14,Low,Gold,77.49
648,69,Female,France,38066,3,3,12,High,Gold,54.43
649,36,Male,France,117287,10,8,5,Medium,Silver,100.0
650,64,Male,Canada,119664,7,7,6,Low,Silver,100.0
651,33,Male,UK,83844,8,6,12,Low,Gold,100.0
652,22,Male,USA,114088,8,6,15,High,Bronze,99.58
653,52,Female,USA,106231,10,8,6,Low,Silver,100.0
654,29,Female,USA,110769,9,4,13,High,Gold,89.48
655,42,Male,UK,103686,7,4,17,High,Bronze,100.0
656,69,Female,UK,67288,6,4,8,Medium,Silver,87.14
657,38,Male,UK,85732,5,5,12,Medium,Bronze,77.28
658,53,Male,Germany,56207,5,6,5,Low,Gold,74.1
659,40,Female,USA,76958,10,3,4,High,Gold,100.0
660,33,Female,USA,104158,1,6,7,Low,Silver,71.51
661,56,Female,USA,81888,7,5,1,Medium,Gold,83.63
662,62,Female,Germany,38029,6,10,17,Low,Gold,100.0
663,59,Female,Germany,106539,7,6,12,Low,Gold,100.0
664,56,Female,UK,68507,10,6,5,Medium,Silver,100.0
665,31,Female,USA,36681,9,1,8,Medium,Bronze,59.13
666,48,Female,USA,53215,9,10,12,Low,Bronze,100.0
667,22,Male,France,61873,2,2,13,High,Silver,44.95
668,52,Male,France,72421,3,10,20,High,Bronze,95.53
669,40,Female,France,96802,10,2,12,Low,Bronze,92.11
670,46,Female,Germany,47658,9,10,15,Low,Gold,100.0
671,60,Male,UK,98773,3,5,14,Medium,Gold,91.33
672,28,Male,Canada,78404,4,3,8,High,Gold,83.83
673,35,Male,USA,96593,5,1,10,High,Gold,79.77
674,64,Male,France,115782,10,5,9,Low,Silver,100.0
675,29,Female,USA,59517,6,6,6,Medium,Silver,74.23
676,26,Male,USA,53718,10,2,8,High,Bronze,80.85
677,27,Male,USA,90484,10,8,13,Medium,Bronze,100.0
678,61,Male,UK,105380,2,10,8,Medium,Gold,100.0
679,34,Male,USA,35420,6,5,19,Low,Gold,79.29
680,55,Female,UK,57454,3,3,2,Low,Silver,53.21
681,24,Male,Canada,64798,7,2,7,High,Gold,56.96
682,63,Female,Canada,62740,9,6,18,Medium,Silver,100.0
683,30,Female,Germany,92471,5,1,19,High,Silver,78.89
684,57,Female,USA,107597,8,8,16,Low,Silver,100.0
685,59,Female,France,98371,6,5,20,Medium,Gold,93.0
686,26,Female,Germany,58351,8,1,10,High,Bronze,75.73
687,67,Male,Germany,63692,4,9,9,Medium,Silver,91.88
688,44,Female,Canada,46566,7,7,12,High,Bronze,99.92
689,19,Male,France,72251,9,1,16,High,Bronze,73.82
690,22,Male,USA,85379,7,7,10,Medium,Silver,100.0
691,46,Female,USA,57157,2,3,12,Medium,Gold,57.51
692,54,Female,Canada,91165,5,2,17,Medium,Silver,85.67
693,55,Male,UK,49350,9,6,9,Low,Silver,99.72
694,36,Female,Canada,99932,1,10,16,High,Silver,88.55
695,25,Female,France,108873,4,3,20,High,Bronze,76.27
696,65,Female,UK,79258,9,9,3,Medium,Gold,100.0
697,62,Male,France,100427,9,3,19,Low,Bronze,100.0
698,18,Male,USA,61158,10,9,20,Low,Bronze,100.0
699,39,Female,UK,74228,5,4,4,High,Bronze,78.06
700,69,Female,France,98201,1,10,11,High,Bronze,100.0
701,34,Female,USA,73340,9,10,7,High,Gold,100.0
702,24,Male,France,42468,1,4,15,High,Silver,69.11
703,42,Female,UK,46557,10,10,20,High,Gold,100.0
704,62,Female,USA,104108,5,10,9,Low,Silver,100.0
705,21,Female,France,102013,3,2,10,High,Bronze,53.51
706,53,Female,Germany,36466,1,9,6,Medium,Silver,71.38
707,23,Male,UK,48932,4,5,17,Medium,Silver,80.73
708,48,Female,UK,84757,1,1,3,High,Gold,51.46
709,36,Female,UK,59218,10,9,10,Medium,Bronze,100.0
710,61,Male,USA,96474,1,9,17,High,Gold,100.0
711,56,Female,UK,116291,6,9,18,Low,Silver,100.0
712,44,Female,France,35744,7,2,13,Low,Gold,60.14
713,27,Male,Germany,99687,4,6,13,High,Bronze,100.0
714,43,Female,France,57755,7,4,1,Low,Silver,84.41
715,36,Male,France,32050,3,1,10,Low,Bronze,30.52
716,56,Female,UK,99514,10,8,3,Low,Gold,100.0
717,20,Female,Germany,85357,4,7,2,High,Silver,93.3
718,62,Female,Germany,88846,5,10,12,Low,Silver,100.0
719,30,Male,Germany,93161,3,8,14,High,Bronze,88.57
720,67,Female,Germany,32936,6,8,8,High,Silver,87.92
721,45,Male,Canada,51532,1,3,2,High,Silver,64.14
722,37,Male,Germany,78726,2,7,16,High,Silver,85.28
723,45,Male,UK,99397,7,10,18,High,Bronze,100.0
724,25,Male,Germany,60165,10,9,5,High,Silver,100.0
725,58,Male,France,80984,5,2,10,High,Bronze,91.38
726,56,Male,Canada,62877,5,3,9,High,Bronze,79.01
727,18,Female,France,110702,7,4,4,Low,Gold,100.0
728,20,Female,UK,32684,5,6,14,High,Silver,57.17
729,30,Female,UK,102101,10,9,4,Low,Bronze,100.0
730,45,Female,Germany,80543,10,9,17,High,Silver,100.0
731,66,Male,UK,44001,4,9,5,High,Bronze,100.0
732,42,Female,Canada,88728,7,6,6,High,Silver,100.0
733,50,Female,France,73398,10,6,12,Low,Silver,100.0
734,55,Male,UK,68807,7,10,3,High,Bronze,100.0
735,23,Female,UK,35118,5,8,10,Medium,Silver,94.55
736,61,Male,Canada,86561,8,5,8,High,Silver,100.0
737,62,Female,USA,31453,9,1,8,Medium,Gold,86.76
738,49,Female,USA,116477,5,1,2,Medium,Gold,84.88
739,62,Male,Canada,47218,1,10,20,Low,Gold,100.0
740,64,Female,UK,79510,4,10,5,Low,Gold,93.68
741,38,Female,Canada,54911,8,9,13,Medium,Bronze,100.0
742,33,Female,Canada,102853,10,5,19,High,Gold,100.0
743,38,Female,USA,39044,7,2,1,High,Silver,56.86
744,28,Male,Germany,119224,10,10,13,Low,Silver,100.0
745,54,Female,UK,59014,9,9,10,Medium,Gold,100.0
746,53,Male,France,111840,2,5,5,High,Bronze,77.25
747,52,Male,Canada,116911,3,7,18,Low,Gold,89.22
748,36,Female,USA,104609,8,3,12,Medium,Gold,91.33
749,37,Male,Germany,41245,7,3,3,Medium,Silver,77.83
750,35,Female,UK,59987,7,6,18,Medium,Bronze,100.0
751,64,Male,Canada,115230,9,1,7,Medium,Silver,87.06
752,58,Male,USA,101651,7,6,3,Medium,Gold,95.92
753,66,Male,Canada,54793,9,5,20,Medium,Silver,100.0
754,31,Male,France,67399,2,2,8,High,Silver,43.09
755,32,Female,UK,74968,9,8,6,Low,Gold,83.54
756,48,Female,UK,50842,5,8,17,Low,Bronze,100.0
757,18,Female,UK,35901,4,9,11,Low,Bronze,66.59
758,20,Female,UK,53258,4,3,18,Medium,Silver,55.11
759,33,Male,USA,72507,6,10,9,High,Silver,100.0
760,40,Female,France,84865,2,9,18,High,Silver,86.35
761,28,Female,Canada,49243,9,10,5,Low,Gold,100.0
762,29,Female,USA,56760,4,9,9,Low,Silver,89.54
763,27,Male,Germany,95089,3,2,2,Medium,Bronze,46.06
764,49,Male,UK,45455,6,2,5,High,Gold,63.57
765,33,Male,UK,82024,3,5,15,Medium,Silver,76.95
766,25,Male,Canada,93662,6,6,14,Medium,Silver,99.89
767,55,Male,UK,107015,1,1,1,High,Silver,53.9
768,29,Female,UK,104625,4,1,2,High,Bronze,64.06
769,41,Male,Canada,43692,6,6,7,High,Bronze,87.43
770,45,Female,France,95016,3,6,7,Low,Silver,75.61
771,25,Male,USA,54943,3,6,17,Medium,Bronze,67.42
772,45,Male,France,42525,7,8,8,High,Bronze,96.21
773,53,Male,Canada,87682,10,3,9,Low,Bronze,100.0
774,43,Male,UK,90654,7,2,12,High,Silver,91.63
775,25,Male,UK,81345,5,4,11,Medium,Gold,90.74
776,67,Male,France,78491,1,9,17,Low,Silver,69.91
777,45,Female,Germany,71025,8,1,7,Low,Gold,82.27
778,45,Male,USA,110056,3,6,12,High,Silver,99.73
779,54,Male,UK,100899,1,8,14,Low,Bronze,77.82
780,58,Female,Canada,55663,1,2,13,Medium,Bronze,69.75
781,53,Male,France,31751,9,4,1,High,Silver,85.99
782,44,Male,USA,63434,9,10,5,Low,Silver,100.0
783,34,Female,Germany,77606,8,4,5,Low,Gold,82.99
784,26,Female,UK,47716,4,4,10,High,Bronze,71.4
785,50,Male,France,31466,9,2,9,Medium,Bronze,85.04
786,37,Male,UK,43299,3,7,11,Low,Gold,61.83
787,30,Male,France,116645,3,6,12,Medium,Gold,76.13
788,45,Male,Germany,115532,8,8,20,Low,Gold,100.0
789,65,Male,Canada,86174,9,9,11,Low,Silver,100.0
790,46,Male,Canada,56695,2,3,11,High,Bronze,56.1
791,30,Female,USA,86052,6,4,2,Low,Silver,78.15
792,63,Female,UK,54798,3,6,17,Medium,Bronze,76.69
793,52,Female,UK,37393,2,3,8,Low,Bronze,68.5
794,23,Female,UK,48189,7,3,3,High,Gold,78.87
795,35,Male,Canada,62112,8,9,8,Low,Bronze,100.0
796,68,Female,USA,86596,4,3,19,Low,Gold,90.48
797,22,Male,Canada,103128,10,8,8,Low,Silver,100.0
798,64,Male,France,36272,4,3,20,High,Silver,66.5
799,42,Female,UK,66250,7,2,8,Medium,Bronze,71.01
800,19,Male,France,109361,9,3,16,High,Gold,91.83
801,27,Female,Germany,84079,8,6,19,Medium,Silver,100.0
802,47,Female,France,35493,1,3,3,Medium,Silver,39.71
803,67,Female,France,92186,1,3,20,Medium,Gold,64.81
804,62,Female,France,41189,5,3,19,Low,Silver,91.45
805,22,Female,Canada,95609,2,8,16,High,Bronze,94.24
806,50,Male,France,105165,9,9,10,Low,Silver,100.0
807,18,Female,UK,57102,8,5,18,High,Bronze,92.73
808,35,Male,USA,101138,8,3,19,Medium,Gold,100.0
809,49,Male,Germany,32287,2,6,4,Low,Gold,69.1
810,64,Male,UK,82380,2,1,7,High,Silver,56.94
811,66,Male,USA,70679,6,10,13,Low,Bronze,100.0
812,28,Female,UK,118362,4,4,2,High,Bronze,76.63
813,38,Male,France,110936,9,10,7,High,Silver,100.0
814,43,Female,Germany,104698,4,2,15,High,Gold,74.99
815,42,Male,UK,91143,8,7,11,Medium,Gold,100.0
816,39,Female,Germany,59016,6,5,6,High,Silver,96.73
817,44,Female,Canada,90406,4,1,20,High,Silver,63.62
818,66,Female,Canada,62194,7,1,17,High,Gold,83.85
819,30,Female,France,64229,4,7,5,High,Silver,100.0
820,50,Female,France,44893,1,6,15,High,Gold,79.83
821,51,Male,Canada,104624,10,4,9,High,Gold,100.0
822,58,Male,UK,107307,1,6,12,Low,Bronze,90.73
823,52,Male,USA,49322,8,10,1,Medium,Silver,100.0
824,18,Male,USA,119273,7,2,3,Medium,Gold,93.64
825,38,Female,Canada,34950,9,3,12,Low,Silver,71.61
826,65,Male,USA,53682,5,5,7,High,Bronze,96.97
827,23,Male,UK,117949,6,5,17,Low,Gold,100.0
828,45,Male,USA,63377,10,3,8,High,Silver,100.0
829,34,Male,USA,60998,8,4,18,Medium,Bronze,100.0
830,22,Male,Canada,57325,3,6,1,Low,Bronze,71.68
831,48,Female,Germany,85049,3,7,18,Medium,Bronze,94.38
832,22,Female,Germany,73011,10,8,6,Low,Gold,100.0
833,55,Male,UK,51961,10,2,7,High,Silver,86.33
834,20,Female,Germany,51335,10,9,1,High,Silver,100.0
835,40,Male,France,100871,1,9,8,High,Bronze,100.0
836,54,Female,Canada,79271,2,2,1,High,Bronze,56.91
837,54,Female,Germany,97854,2,7,20,Medium,Silver,97.73
838,27,Male,USA,78907,7,1,9,High,Bronze,59.62
839,27,Female,Germany,31152,8,6,18,Low,Bronze,74.89
840,36,Male,Canada,93337,1,3,16,High,Silver,80.75
841,34,Male,USA,116391,1,6,7,High,Gold,77.19
842,38,Female,USA,73912,5,3,5,High,Silver,74.01
843,31,Female,Canada,67178,1,7,1,High,Silver,59.7
844,26,Female,UK,113048,2,5,11,Medium,Bronze,93.88
845,63,Female,UK,43301,3,1,7,Medium,Bronze,43.88
846,18,Male,Canada,55374,1,1,11,Low,Bronze,20.11
847,68,Male,Canada,75108,9,7,1,Low,Gold,100.0
848,62,Male,Canada,32441,4,9,20,Low,Gold,87.43
849,30,Male,USA,39386,6,3,18,High,Bronze,82.64
850,21,Male,USA,65985,6,3,9,Medium,Bronze,45.78
851,18,Male,Canada,95090,3,6,13,High,Silver,78.34
852,66,Female,USA,113275,8,3,8,Medium,Gold,85.39
853,57,Male,France,83611,6,3,13,Medium,Bronze,91.38
854,49,Male,Canada,95621,6,3,20,Low,Gold,77.47
855,51,Female,USA,106234,1,7,2,High,Bronze,75.48
856,45,Female,UK,89181,7,3,1,High,Bronze,85.11
857,48,Male,Canada,31200,4,6,8,Medium,Silver,91.76
858,25,Male,Canada,53190,8,2,10,Low,Bronze,99.46
859,56,Female,Canada,110668,3,10,5,Low,Gold,100.0
860,43,Male,Germany,110088,4,9,14,High,Bronze,100.0
861,51,Female,Canada,32647,1,8,10,High,Gold,57.12
862,20,Female,UK,34666,1,9,7,Medium,Silver,63.36
863,67,Female,USA,82532,3,7,13,High,Silver,99.39
864,29,Male,Canada,107123,9,3,15,Medium,Bronze,78.01
865,18,Male,France,75412,6,3,2,Medium,Silver,83.83
866,61,Female,USA,105292,2,1,8,Medium,Bronze,55.11
867,22,Female,UK,68914,2,5,11,Medium,Silver,59.67
868,47,Male,Germany,97422,7,7,12,High,Gold,100.0
869,47,Male,UK,35486,5,1,1,Medium,Bronze,63.44
870,34,Male,Germany,74452,10,4,16,High,Gold,100.0
871,65,Female,USA,60782,3,2,6,High,Gold,63.4
872,64,Female,Germany,106054,4,4,16,Medium,Silver,100.0
873,40,Female,USA,30432,1,9,9,Medium,Gold,75.83
874,32,Male,UK,85004,3,6,11,Low,Bronze,62.0
875,54,Female,UK,91298,4,7,12,High,Silver,99.51
876,38,Female,Germany,109948,9,8,9,High,Silver,100.0
877,31,Female,France,43954,10,2,7,Low,Bronze,91.03
878,19,Male,UK,81605,5,1,11,Medium,Silver,58.64
879,28,Female,Germany,108192,8,5,2,Medium,Gold,100.0
880,68,Female,Canada,118308,5,1,20,Low,Bronze,91.35
881,56,Male,USA,111443,5,1,2,Low,Gold,54.5
882,55,Female,Canada,89785,8,5,18,High,Silver,100.0
883,51,Male,Canada,76199,3,10,1,Low,Gold,100.0
884,55,Male,Canada,106690,5,7,7,Low,Silver,100.0
885,67,Female,Germany,52343,5,3,20,Low,Bronze,79.65
886,51,Male,UK,45251,1,6,18,Medium,Bronze,72.76
887,35,Female,Canada,70925,3,9,7,Low,Bronze,77.91
888,47,Male,Germany,38570,4,5,6,Medium,Gold,78.88
889,32,Female,UK,90446,10,8,17,Medium,Gold,100.0
890,44,Male,USA,43778,6,6,15,Medium,Silver,97.72
891,68,Male,UK,113062,6,3,18,Low,Bronze,100.0
892,51,Male,UK,117117,5,6,15,Medium,Bronze,100.0
893,69,Female,Canada,58994,2,9,5,High,Silver,100.0
894,55,Female,Germany,105937,4,4,7,High,Bronze,100.0
895,50,Female,France,108811,5,1,5,High,Gold,67.64
896,41,Male,USA,37634,7,9,14,Medium,Bronze,100.0
897,32,Male,Germany,64598,6,8,12,High,Gold,97.54
898,47,Female,Canada,108041,2,5,7,Low,Gold,90.22
899,59,Female,Germany,86715,8,8,18,Medium,Silver,100.0
900,68,Male,France,32969,10,9,16,Low,Bronze,100.0
901,34,Male,USA,90226,10,3,4,High,Silver,94.8
902,22,Male,UK,81289,8,1,5,Medium,Bronze,83.26
903,46,Female,USA,71089,4,10,3,High,Silver,100.0
904,21,Male,France,84074,1,6,3,Low,Gold,68.33
905,27,Female,USA,88748,3,2,19,Medium,Silver,66.77
906,34,Male,USA,32098,9,8,18,High,Gold,100.0
907,27,Female,Canada,54955,6,1,17,High,Gold,70.36
908,34,Male,UK,38458,1,5,12,Low,Gold,63.85
909,37,Male,France,72783,3,4,1,High,Bronze,71.73
910,41,Female,Canada,78635,8,9,10,High,Bronze,100.0
911,22,Male,USA,43759,2,6,17,Low,Silver,61.83
912,51,Male,USA,105214,9,2,11,High,Gold,100.0
913,23,Male,Germany,71013,9,2,15,Low,Gold,77.44
914,19,Female,Canada,96853,4,5,3,Low,Bronze,90.14
915,30,Male,France,98231,4,2,19,Low,Gold,92.74
916,60,Female,France,107328,5,9,18,High,Silver,100.0
917,60,Male,France,111766,8,4,9,Medium,Bronze,100.0
918,65,Male,France,72322,4,8,7,High,Bronze,94.68
919,28,Female,USA,32428,9,3,9,High,Silver,66.72
920,68,Female,USA,103090,3,5,7,Low,Gold,76.47
921,64,Female,Canada,80600,9,8,5,Medium,Bronze,100.0
922,40,Female,UK,93344,1,3,6,High,Silver,46.5
923,33,Female,France,95224,8,8,12,High,Bronze,100.0
924,48,Female,USA,58468,7,8,3,High,Gold,100.0
925,28,Male,Canada,47005,10,6,9,Medium,Silver,100.0
926,33,Male,France,62096,8,10,13,High,Silver,100.0
927,25,Male,UK,39439,2,6,18,Medium,Gold,69.91
928,21,Male,France,110325,10,2,2,Medium,Gold,90.6
929,57,Female,Germany,111904,7,5,11,High,Gold,97.48
930,21,Male,France,81952,4,7,13,High,Silver,64.35
931,42,Male,Germany,44653,1,5,5,Medium,Gold,38.91
932,20,Male,UK,116970,3,2,17,Low,Gold,74.16
933,49,Female,Germany,70701,5,9,11,High,Silver,100.0
934,20,Female,UK,103424,4,9,5,Medium,Gold,84.73
935,44,Male,Canada,47277,8,2,6,High,Silver,79.72
936,46,Female,Germany,62082,2,3,11,Low,Gold,59.7
937,49,Male,France,118414,8,10,9,High,Bronze,100.0
938,67,Female,France,54402,10,1,3,Low,Gold,71.63
939,68,Male,Canada,53190,10,7,15,High,Silver,100.0
940,36,Female,USA,94430,5,5,11,Low,Gold,78.89
941,38,Male,UK,117714,2,8,10,Low,Bronze,91.85
942,22,Male,USA,97136,10,1,11,Medium,Silver,100.0
943,35,Female,USA,60064,8,9,15,Medium,Silver,100.0
944,45,Female,Canada,68960,1,3,3,Medium,Bronze,62.59
945,59,Female,Canada,68563,5,1,8,Low,Gold,66.41
946,39,Female,Germany,55216,1,6,14,Low,Gold,68.52
947,38,Male,Germany,117891,1,9,6,Medium,Bronze,85.8
948,23,Male,Germany,102213,2,1,16,High,Silver,66.47
949,18,Male,Germany,108754,8,7,14,Medium,Bronze,100.0
950,22,Male,Germany,57650,10,3,18,Low,Gold,100.0
951,58,Male,France,51899,4,4,9,High,Silver,72.83
952,29,Male,Canada,106522,5,4,7,Low,Gold,78.75
953,43,Male,UK,44756,1,1,9,High,Bronze,42.46
954,63,Male,UK,78953,9,7,4,High,Bronze,100.0
955,51,Female,UK,77948,5,6,1,High,Bronze,96.01
956,66,Male,UK,68657,10,2,14,Low,Bronze,100.0
957,31,Female,UK,89072,2,3,7,Low,Bronze,39.97
958,43,Female,France,116259,10,2,11,Low,Bronze,100.0
959,62,Female,Canada,94613,7,7,6,High,Gold,100.0
960,44,Female,Germany,116489,10,4,4,Medium,Silver,100.0
961,26,Male,Germany,118243,6,7,14,High,Silver,88.21
962,43,Female,Germany,64995,4,5,11,Medium,Silver,54.6
963,64,Male,Canada,78910,8,5,6,Low,Bronze,100.0
964,39,Male,Canada,89461,10,10,20,Medium,Gold,100.0
965,64,Female,France,96087,10,1,13,Low,Bronze,100.0
966,47,Male,France,45368,9,2,16,Low,Gold,95.27
967,60,Male,Germany,115617,7,1,10,Medium,Gold,83.5
968,65,Female,Canada,72437,6,4,8,High,Silver,71.67
969,34,Female,Germany,67008,7,1,11,Low,Silver,62.89
970,43,Male,France,80838,5,2,19,Low,Gold,65.95
971,53,Male,Germany,58751,3,7,10,Medium,Bronze,93.27
972,18,Male,France,88930,7,5,9,High,Silver,90.54
973,25,Male,USA,32645,4,3,6,Medium,Gold,53.76
974,66,Female,UK,56255,8,9,17,Medium,Gold,100.0
975,52,Female,USA,99804,5,10,20,High,Bronze,100.0
976,69,Female,Germany,91628,5,2,7,Low,Gold,81.86
977,32,Female,Germany,65595,5,1,20,Low,Gold,62.53
978,64,Male,Canada,70136,6,5,4,High,Silver,94.46
979,39,Female,UK,99507,4,4,19,Medium,Silver,100.0
980,31,Male,France,67477,2,5,9,Low,Bronze,66.73
981,43,Male,Germany,115881,6,10,13,Low,Silver,100.0
982,45,Female,France,41465,1,9,1,Medium,Gold,66.97
983,40,Male,France,36306,4,10,8,Low,Silver,94.41
984,31,Male,France,49730,6,2,17,Medium,Silver,73.86
985,41,Male,USA,32330,1,9,9,High,Silver,82.33
986,19,Female,France,79704,6,8,9,High,Bronze,100.0
987,62,Male,Canada,68939,6,3,20,High,Bronze,100.0
988,43,Male,USA,63342,3,5,8,High,Silver,80.31
989,31,Male,USA,52338,1,9,12,Low,Gold,77.57
990,68,Male,Germany,93976,3,5,10,Medium,Bronze,91.11
991,24,Female,UK,113372,1,1,9,High,Gold,74.24
992,20,Female,UK,108540,8,8,4,High,Gold,100.0
993,64,Male,Germany,38639,7,9,12,Low,Bronze,100.0
994,40,Male,UK,66174,3,2,6,Low,Silver,52.0
995,63,Male,France,112376,8,10,14,High,Gold,100.0
996,60,Female,Canada,33366,4,7,13,Medium,Gold,95.13
997,64,Female,France,41385,10,10,11,High,Silver,100.0
998,62,Male,UK,58476,2,3,9,High,Silver,72.84
999,35,Male,UK,81665,6,2,11,Low,Bronze,83.43
1000,55,Female,Canada,39922,9,10,19,Medium,Silver,100.0
1001,52,Male,USA,105611,7,2,7,Medium,Gold,70.51
1002,68,Female,USA,72792,5,2,3,Medium,Silver,71.75
1003,32,Male,Canada,53086,3,10,10,Medium,Gold,100.0
1004,42,Male,USA,59334,5,1,16,Low,Bronze,58.39
1005,54,Male,UK,110249,7,10,10,Low,Bronze,100.0
1006,45,Male,USA,113020,3,7,19,High,Bronze,67.8
1007,27,Female,UK,49214,2,2,11,Medium,Silver,55.77
1008,56,Female,Germany,117963,6,9,18,High,Gold,100.0
1009,34,Female,France,64316,8,8,2,High,Gold,97.1
1010,56,Male,USA,52657,7,7,20,Medium,Silver,88.44
1011,39,Male,Germany,74092,4,5,1,Medium,Silver,71.53
1012,43,Female,USA,119920,4,6,15,High,Bronze,100.0
1013,61,Female,Germany,36568,4,6,13,Medium,Bronze,91.49
1014,42,Male,Canada,110469,5,8,5,Medium,Bronze,100.0
1015,34,Female,Germany,92979,7,3,13,High,Gold,80.95
1016,30,Male,UK,67812,10,4,14,High,Silver,100.0
1017,37,Female,Canada,73629,9,1,7,Medium,Bronze,87.73
1018,42,Male,Canada,75712,8,8,4,Low,Bronze,100.0
1019,21,Male,UK,102845,1,9,19,Medium,Silver,96.53
1020,27,Female,USA,63511,8,10,1,High,Bronze,100.0
1021,20,Female,Canada,119574,1,9,18,Medium,Silver,90.48
1022,58,Male,USA,117080,5,7,4,High,Silver,99.08
1023,62,Male,France,30829,9,3,13,Medium,Gold,96.75
1024,35,Female,Germany,75875,4,2,14,High,Bronze,50.63
1025,64,Male,Germany,87383,6,8,10,High,Gold,100.0
1026,53,Female,UK,62802,1,2,19,High,Bronze,47.33
1027,64,Male,UK,62217,1,9,7,High,Gold,79.94
1028,39,Female,Germany,66538,6,1,20,Low,Silver,76.98
1029,51,Male,France,115984,7,8,14,Low,Silver,100.0
1030,64,Male,UK,52192,7,8,9,Medium,Silver,100.0
1031,25,Male,France,41002,8,5,15,Medium,Gold,96.82
1032,57,Male,UK,95785,1,9,14,Low,Gold,94.57
1033,66,Male,Canada,85887,4,1,6,Medium,Gold,77.45
1034,61,Male,USA,37557,2,2,16,High,Bronze,46.44
1035,36,Male,Germany,30865,3,4,19,High,Bronze,46.59
1036,59,Female,USA,38572,1,6,18,High,Silver,74.59
1037,58,Female,Germany,33880,10,1,19,High,Silver,87.89
1038,54,Male,UK,33743,6,5,13,Medium,Bronze,78.02
1039,23,Female,USA,117060,7,5,7,High,Silver,98.1
1040,69,Female,France,92300,4,3,14,High,Bronze,88.31
1041,43,Male,UK,60538,9,6,17,Low,Bronze,100.0
1042,51,Female,Canada,51495,4,10,8,Medium,Gold,96.3
1043,62,Male,USA,111882,10,2,1,High,Silver,100.0
1044,23,Female,USA,52939,5,1,13,Medium,Bronze,68.88
1045,54,Female,Canada,110350,1,1,15,Medium,Silver,60.33
1046,50,Female,Germany,51105,5,8,18,Medium,Silver,100.0
1047,39,Male,UK,71210,3,9,18,Low,Silver,91.31
1048,38,Female,Canada,61052,3,1,18,Medium,Gold,57.09
1049,23,Male,France,110234,7,10,14,High,Bronze,100.0
1050,23,Male,UK,89205,3,5,10,Low,Bronze,74.75
1051,65,Female,Canada,32970,4,5,8,Medium,Gold,85.2
1052,21,Male,Canada,99300,4,2,12,Low,Bronze,45.99
1053,47,Male,USA,31490,3,10,7,High,Silver,100.0
1054,28,Female,USA,36605,8,4,16,Medium,Bronze,99.11
1055,47,Male,USA,54633,10,9,6,High,Bronze,100.0
1056,48,Female,UK,37478,1,5,3,Low,Silver,50.24
1057,41,Female,Germany,114268,9,9,17,Low,Silver,100.0
1058,26,Male,UK,65995,5,3,15,Medium,Gold,62.81
1059,20,Female,USA,83403,10,6,5,Low,Bronze,100.0
1060,68,Female,USA,78024,4,10,14,Low,Bronze,90.86
1061,48,Male,UK,118345,7,1,2,Medium,Bronze,72.36
1062,57,Male,Canada,98346,8,9,17,Medium,Silver,100.0
1063,54,Male,Canada,78445,8,2,4,Medium,Silver,92.11
1064,53,Male,USA,119283,6,10,13,Low,Bronze,100.0
1065,41,Female,USA,46276,8,1,12,Medium,Silver,77.37
1066,48,Female,Germany,73984,10,7,7,High,Bronze,100.0
1067,23,Female,Canada,52245,1,2,20,High,Gold,36.12
1068,19,Female,Germany,88273,4,6,4,Low,Gold,72.02
1069,37,Female,USA,33403,8,10,17,Medium,Silver,100.0
1070,45,Male,USA,31752,7,6,12,Low,Gold,92.41
1071,28,Female,Germany,74308,3,10,19,High,Silver,97.3
1072,21,Female,Germany,58707,3,4,2,High,Gold,64.47
1073,32,Female,USA,49013,2,5,15,Low,Gold,78.27
1074,23,Female,France,38659,9,5,11,Medium,Bronze,97.02
1075,66,Male,USA,83940,4,6,20,Medium,Gold,89.87
1076,47,Male,Canada,93635,3,7,3,Medium,Silver,97.8
1077,55,Male,USA,84494,7,3,7,Low,Gold,77.14
1078,68,Female,UK,113411,9,4,2,Low,Silver,100.0
1079,19,Female,USA,41890,3,2,11,Low,Bronze,49.09
1080,32,Female,France,95662,4,2,7,Medium,Silver,69.98
1081,28,Male,Canada,83240,2,2,8,Medium,Silver,66.43
1082,25,Female,USA,35725,9,1,6,Medium,Gold,64.91
1083,43,Male,Germany,100914,2,2,20,High,Bronze,63.82
1084,68,Female,Canada,49155,8,8,13,High,Silver,100.0
1085,62,Male,Canada,108343,7,3,17,High,Silver,100.0
1086,61,Male,France,38148,7,3,20,Medium,Gold,80.46
1087,22,Female,Germany,39007,8,7,20,Medium,Silver,95.91
1088,23,Female,UK,108230,5,8,14,Low,Silver,100.0
1089,43,Male,USA,70565,6,1,9,Medium,Bronze,51.79
1090,21,Male,UK,46385,6,6,15,High,Silver,93.93
1091,36,Male,Germany,115577,8,4,13,Medium,Gold,100.0
1092,37,Male,Canada,41001,9,4,16,High,Silver,90.44
1093,50,Male,France,65933,4,10,1,Medium,Bronze,100.0
1094,37,Female,France,89442,10,2,11,Low,Bronze,85.06
1095,66,Male,Canada,33243,6,4,19,High,Gold,87.13
1096,29,Female,France,119239,10,1,2,Medium,Gold,85.22
1097,64,Female,UK,89575,10,6,17,Low,Gold,100.0
1098,18,Female,Canada,105569,9,5,18,Medium,Silver,100.0
1099,43,Female,USA,109005,4,4,4,High,Silver,81.11
1100,31,Female,USA,42453,8,8,7,Medium,Bronze,100.0
1101,55,Male,Germany,53670,10,1,1,Medium,Silver,79.29
1102,54,Female,Canada,51325,5,2,9,Low,Silver,65.29
1103,28,Male,UK,37862,6,1,3,Medium,Silver,43.61
1104,53,Female,Canada,43720,7,8,7,High,Gold,100.0
1105,30,Male,Canada,114012,9,1,7,Medium,Silver,97.4
1106,60,Female,UK,74221,2,7,7,Medium,Gold,90.94
1107,20,Male,France,73142,4,6,4,Low,Gold,72.42
1108,50,Male,UK,66688,9,10,15,Medium,Bronze,100.0
1109,23,Male,Canada,35274,2,10,6,Medium,Bronze,62.82
1110,67,Female,Canada,70165,7,5,6,Low,Gold,100.0
1111,27,Male,Canada,105798,1,2,19,Low,Gold,56.47
1112,22,Female,Canada,98767,1,1,14,High,Bronze,47.94
1113,40,Female,Germany,115180,5,2,12,High,Bronze,79.64
1114,27,Male,France,89387,7,3,14,High,Gold,71.23
1115,61,Female,Canada,80286,8,5,2,Medium,Gold,95.4
1116,19,Female,Germany,58029,2,2,5,Medium,Bronze,59.03
1117,30,Female,Canada,64566,3,7,9,High,Bronze,70.41
1118,57,Female,France,71432,6,4,5,Medium,Bronze,89.22
1119,19,Male,France,108465,4,2,3,Low,Bronze,57.34
1120,37,Female,UK,87072,9,1,4,High,Gold,82.04
1121,18,Male,Germany,96640,5,5,6,Medium,Bronze,80.56
1122,54,Female,France,68044,7,4,19,Medium,Bronze,82.27
1123,26,Male,USA,119325,9,10,5,Medium,Gold,100.0
1124,34,Male,Canada,46354,3,7,19,Low,Gold,99.91
1125,26,Female,France,56640,1,2,5,Low,Gold,47.53
1126,28,Female,Germany,95719,4,1,5,Low,Bronze,48.92
1127,32,Female,Germany,61214,5,9,6,Low,Gold,100.0
1128,41,Female,Germany,65413,2,2,2,High,Bronze,69.33
1129,55,Female,UK,116962,9,7,10,High,Gold,100.0
1130,52,Male,Canada,74952,5,9,18,High,Silver,100.0
1131,47,Male,USA,78595,5,8,2,Medium,Gold,100.0
1132,48,Male,Germany,92223,1,4,10,High,Gold,78.56
1133,66,Female,Canada,71112,1,8,17,Medium,Bronze,91.93
1134,22,Female,Germany,64062,10,2,11,Medium,Gold,94.49
1135,61,Female,Germany,97172,1,4,4,High,Gold,62.8
1136,67,Male,USA,101758,7,6,8,High,Gold,100.0
1137,31,Female,Canada,89150,3,6,8,Medium,Silver,85.04
1138,28,Male,Germany,104935,5,10,3,High,Gold,100.0
1139,26,Male,UK,69505,2,2,12,High,Silver,70.94
1140,51,Female,Germany,97108,2,2,13,High,Bronze,62.51
1141,29,Male,Canada,97714,1,6,13,High,Bronze,71.32
1142,52,Male,France,105056,8,6,4,Medium,Bronze,100.0
1143,52,Male,Germany,93381,8,9,20,Low,Silver,100.0
1144,18,Female,UK,104421,5,5,6,Low,Bronze,92.37
1145,57,Male,UK,105885,8,9,2,High,Bronze,100.0
1146,39,Female,Germany,98634,2,9,19,Medium,Bronze,85.57
1147,46,Female,Canada,32435,5,4,19,Low,Bronze,66.25
1148,25,Male,Germany,51730,9,10,17,High,Silver,100.0
1149,28,Female,UK,64944,9,8,18,Medium,Silver,100.0
1150,58,Male,Germany,77875,2,10,8,Low,Gold,84.46
1151,54,Female,UK,81638,7,9,6,High,Silver,100.0
1152,31,Female,France,68423,2,9,18,High,Gold,86.99
1153,47,Female,Germany,96669,9,3,2,High,Bronze,96.54
1154,52,Female,USA,107333,1,1,5,Medium,Gold,52.4
1155,38,Female,Germany,41414,10,6,15,High,Gold,100.0
1156,54,Female,UK,52740,9,6,17,Medium,Bronze,100.0
1157,22,Female,Canada,102525,4,10,2,Medium,Gold,100.0
1158,36,Male,UK,114487,9,4,3,Low,Bronze,89.94
1159,31,Male,France,115071,7,9,20,Medium,Silver,100.0
1160,43,Male,Canada,50962,4,7,2,High,Gold,92.16
1161,21,Female,USA,82311,7,3,19,High,Bronze,68.47
1162,42,Male,USA,32618,10,2,18,Medium,Silver,89.85
1163,62,Female,France,74121,10,10,3,Low,Gold,100.0
1164,59,Female,France,54326,10,7,8,High,Gold,100.0
1165,42,Female,France,117548,6,2,20,Medium,Silver,79.38
1166,35,Female,France,54236,6,1,1,Medium,Gold,44.56
1167,57,Female,Germany,110089,7,4,3,Low,Silver,94.27
1168,25,Female,UK,72239,4,2,14,Medium,Bronze,54.75
1169,56,Female,Germany,118729,4,10,2,Medium,Bronze,100.0
1170,57,Female,Canada,103921,4,10,15,Low,Silver,100.0
1171,31,Male,USA,63147,9,3,4,Medium,Bronze,80.38
1172,49,Female,USA,91674,8,6,6,Medium,Gold,100.0
1173,68,Male,Canada,52580,7,6,7,Low,Bronze,89.47
1174,55,Male,USA,30678,5,9,20,Low,Gold,100.0
1175,50,Female,France,79771,5,7,5,Medium,Silver,90.02
1176,40,Male,France,44286,9,4,11,Low,Silver,100.0
1177,32,Female,France,105391,7,4,14,Low,Gold,99.24
1178,50,Male,Canada,99090,5,10,14,Medium,Silver,100.0
1179,42,Female,UK,118241,5,4,1,Medium,Bronze,82.15
1180,34,Male,Canada,105630,1,7,16,Medium,Bronze,71.96
1181,50,Female,UK,58559,8,5,2,Medium,Silver,88.36
1182,64,Male,USA,74319,3,9,15,Low,Gold,100.0
1183,19,Female,USA,107172,7,9,10,Low,Bronze,100.0
1184,31,Female,USA,57052,1,6,7,Medium,Gold,63.84
1185,57,Male,UK,46596,10,7,8,Low,Bronze,100.0
1186,57,Male,USA,82687,2,10,20,High,Silver,100.0
1187,68,Male,Canada,114351,6,2,7,Low,Silver,93.97
1188,56,Male,UK,112091,6,9,3,Low,Silver,100.0
1189,68,Female,France,101848,6,10,18,Medium,Gold,100.0
1190,23,Male,UK,97168,7,8,20,Low,Silver,100.0
1191,23,Male,Canada,102414,2,5,4,Medium,Bronze,77.39
1192,20,Female,Canada,71300,9,8,20,Medium,Bronze,100.0
1193,24,Female,Canada,83397,2,4,5,High,Gold,71.14
1194,68,Female,USA,91840,10,7,4,Medium,Bronze,100.0
1195,25,Male,France,105352,1,7,9,Low,Silver,82.12
1196,59,Male,France,52491,9,5,1,Medium,Gold,100.0
1197,69,Male,Germany,55265,9,2,4,Medium,Bronze,92.98
1198,32,Male,Canada,83406,7,9,7,High,Bronze,100.0
1199,64,Female,USA,118972,6,8,2,High,Bronze,100.0
1200,46,Male,UK,75001,1,4,2,High,Silver,40.38
1201,50,Male,USA,32098,10,6,16,Low,Gold,100.0
1202,69,Female,Canada,97319,10,3,19,Medium,Gold,100.0
1203,47,Female,USA,50256,10,4,11,Low,Silver,100.0
1204,56,Female,Canada,114840,1,3,16,Medium,Gold,84.67
1205,44,Male,UK,62787,1,9,2,Medium,Silver,77.64
1206,53,Male,UK,44511,7,10,8,Medium,Silver,100.0
1207,46,Female,France,73899,7,8,14,Medium,Bronze,100.0
1208,55,Male,Germany,62839,3,4,4,High,Silver,65.57
1209,50,Male,USA,78071,9,1,2,High,Bronze,78.04
1210,54,Female,Germany,98325,8,7,2,High,Silver,100.0
1211,44,Female,USA,40203,6,4,5,High,Silver,68.59
1212,50,Female,France,66472,5,4,7,Medium,Gold,76.72
1213,21,Male,France,80151,2,3,13,Medium,Bronze,59.21
1214,39,Male,UK,48061,7,7,2,High,Bronze,76.38
1215,19,Male,UK,85474,8,2,6,Medium,Gold,74.81
1216,27,Female,UK,117757,1,3,9,High,Bronze,64.6
1217,22,Male,USA,94638,5,7,19,High,Silver,100.0
1218,27,Male,Germany,99200,5,1,17,Low,Gold,83.37
1219,50,Female,Germany,78532,6,3,8,High,Gold,83.08